24f760a7-42b3-45ef-bc58-2572f22919f4,"The Kremlin Armory Workshops, Moscow","Medium: Silver, partly gilt, niello, enamel, sapphires, rubies, spinels, pearls, leather, silk velvet, oil paint, gesso, linen, mica, pig-skin, woods: Tilia cordata (basswood or linden), white oak. Dimensions: Overall (open, confirmed): 27 × 35 3/4 × 5 in. (68.6 × 90.8 × 12.7 cm). Credit: Rogers Fund, 1975",https://images.metmuseum.org/CRDImages/es/original/DP-14793-001.jpg,Triptych with the Mandylion,Metalwork-Silver In Combination
29070937-d3ae-45de-af78-1ca5ac4e07f9,Apollonio di Giovanni di Tomaso,"Medium: Poplar wood, linen, polychromed and gilded gesso with panel painted in tempera and gold. Dimensions: H. 39-1/2 x W. 77 x D. 32-7/8 in.  (100.3 x 195.6 x 83.5 cm); Painted surface 15 1/4 x 49 1/2 in. (38.7 x 125.7 cm). Credit: John Stewart Kennedy Fund, 1914",https://images.metmuseum.org/CRDImages/es/original/DP106672.jpg,Cassone with painted front panel depicting the Conquest of Trebizond,Woodwork-Furniture
a2cd0ced-7e47-4d18-9430-a8547b41b72a,Philip Webb,"Medium: Painted pine, oil paint on leather, brass, copper. Dimensions: Overall: 73 × 45 × 21 in. (185.4 × 114.3 × 53.3 cm). Credit: Rogers Fund, 1926",https://images.metmuseum.org/CRDImages/es/original/DP169654.jpg,The Backgammon Players,Woodwork-Furniture
08bf0b07-3d66-4558-991d-9ddd79f9c67d,Jean Georges (or George),"Medium: Gold, grisaille enamel, diamonds. Dimensions: Box: 1 3/4 x 3 3/8 x 2 5/8 in.  (4.4 x 8.6 x 6.7 cm)

Dimensions of miniatures (not sight measurements): On cover, H. 1 11/16, W. 2 9/16 in. (4.3 x 6.5 cm.); On bottom, H. 1 5/8, W. 2-1/2 in. (4.1 x 6.4 cm.); On front, H. 15/16, W. 1 7/8 in. (2.4 x 4.8 cm.); On back, H. 7/8, W. 1 7/8 in. (2.2 x 4.8 cm.); On left side, H. 13/16, W. 1 7/16 in. (2.1 x 3.7 cm.); On right side, H. 13/16, 1 7/16 in. (2.1 x 3.7 cm.).. Credit: Gift of J. Pierpont Morgan, 1917",https://images.metmuseum.org/CRDImages/es/original/DP170813.jpg,Snuffbox with six scenes of putti at play,Metalwork-Gold and Platinum
304201e8-3806-40bc-b884-abd969b751a1,Mathieu Coiny fils,"Medium: Gold, enamel, gem stones. Dimensions: Overall: 2 3/4 × 2 1/8 in. (7 × 5.4 cm). Credit: Gift of J. Pierpont Morgan, 1917",https://images.metmuseum.org/CRDImages/es/original/DP-25120-013.jpg,Snuffbox,Metalwork-Gold and Platinum
41d08494-7955-4ee0-82ab-00af75f48153,Matthias Walbaum,"Medium: Ebony, silver, gilded silver, gouache on parchment. Dimensions: Overall (confirmed): 16 15/16 × 7 1/4 × 4 1/8 in. (43 × 18.4 × 10.5 cm). Credit: Gift of J. Pierpont Morgan, 1917",https://images.metmuseum.org/CRDImages/es/original/DP259735.jpg,Shrine,Metalwork-Silver In Combination
dbccd6be-c848-4736-9915-34d10f15222f,Unidentified artist,"Medium: Hanging scroll; ink, color, and gold on silk. Dimensions: Image: 44 3/4 × 32 5/8 in. (113.7 × 82.9 cm)
Overall with mounting: 95 1/2 × 54 in. (242.6 × 137.2 cm)
Overall with knobs: 57 1/2 × 95 1/2 in. (146.1 × 242.6 cm). Credit: Rogers Fund, 1941",https://images.metmuseum.org/CRDImages/as/original/DP247676.jpg,Emperor Xuanzong's flight to Shu,Southern Song dynasty (1127–1279)
4d9f8e95-1c8e-407e-a3bf-71e27a63389d,Kano Sansetsu,"Medium: Four sliding-door panels (fusuma); ink, color, gold, and gold leaf on paper. Dimensions: Overall (of all four panels): 68 3/4 x 191 1/8 in. (174.6 x 485.5 cm)
Overall (a): 68 3/8 x 47 5/8 in. (173.7 x 121 cm)
Overall (b): 68 3/8 x 48 3/4 in. (173.7 x 123.8 cm)
Overall (c): 68 1/2 x 47 3/4 in. (174 x 121.3 cm)
Overall (d): 68 1/2 x 47 3/4 in. (174 x 121.3 cm). Credit: The Harry G. C. Packard Collection of Asian Art, Gift of Harry G. C. Packard, and Purchase, Fletcher, Rogers, Harris Brisbane Dick, and Louis V. Bell Funds, Joseph Pulitzer Bequest, and The Annenberg Fund Inc. Gift, 1975",https://images.metmuseum.org/CRDImages/as/original/DT229.jpg,Old Plum,Edo period (1615–1868)
4efd1c4a-d903-4971-ae25-1e7513d21efc,"Court of King Mindon or Thibaw, or associated workshops","Medium: Watercolor and gold on mulberry paper, with gilt lacquered wood covers and cloth lined box. Dimensions: Customized box: H. 17 in. (43.2 cm); W. 7 3/4 in. (19.7 cm); D. 3 in. (7.6 cm)
Manuscript: H. 16 1/2 in. (41.9 cm); W. 7 1/4 in. (18.4 cm); D. 2 1/4 in. (5.7 cm). Credit: Purchase, Friends of Asian Art and David L. Rawle Gifts, 2017",https://images.metmuseum.org/CRDImages/as/original/DP-14374-040.jpg,"Royal processions, ceremonies and entertainments",Paintings
e1f6dd08-c3cf-43d0-979f-422e2f7485a1,Joseph Etienne Blerzy,"Medium: Gold, enamel, diamonds; ivory, glass. Dimensions: 1 3/8 x 3 1/4 x 2 1/2 in. (3.5 x 8.3 x 6.4cm); Miniature: oval, 1 1/4 x 1 in. (32 x 25 mm). Credit: Bequest of Edward C. Post, 1915",https://images.metmuseum.org/CRDImages/es/original/DP-594-005.jpg,"Snuffbox with portrait of Louis XVI (1754–1793), King of France",Metalwork-Gold and Platinum
ce8e1f5d-8915-43fa-a28f-2447fd29e882,Bhawani Das,"Medium: Pencil, ink, and opaque watercolor on paper. Dimensions: Painting: H. 23 1/2 in. (59.7 cm)
                 W. 32 3/4 in. (83.2 cm)
Mat size: H. 27 1/4 in. (69.2 cm)
                 W. 35 1/2 in. (90.2 cm). Credit: Purchase, Anonymous Gift, Cynthia Hazen Polsky Gift, Virginia G. LeCount Bequest, in memory of The LeCount Family, 2007 Benefit Fund, Louis V. Bell, Harris Brisbane Dick, Fletcher, and Rogers Funds and Joseph Pulitzer Bequest, and Gift of Dr. Mortimer D. Sackler, Theresa Sackler and Family,  2008",https://images.metmuseum.org/CRDImages/is/original/DP167067.jpg,Great Indian Fruit Bat,Paintings
52c66e44-ffad-411f-8bf9-ae87c0dc9116,Unidentified artist,"Medium: Folding fan; ink on gold-flecked paper and gold-flecked lacquered bamboo fan bones and end pieces. Dimensions: 11 7/8 × 9 1/2 × 1/2 in. (30.2 × 24.1 × 1.3 cm). Credit: Purchase, The B.D.G. Leviton Foundation Gift, 1988",https://images.metmuseum.org/CRDImages/as/original/1988_212.JPG,Folding Fan with Fishing Net Decoration,Ming dynasty (1368–1644)
53d21076-b213-48cc-8788-3ab0aef5189a,Jean-Joseph Barrière,"Medium: Gold, enamel, ivory, glass. Dimensions: Box: 2 3/8 × 3 3/8 in. (6 × 8.6 cm); Miniature: 1 7/16 × 1 3/16 in. (3.7 × 3 cm). Credit: Gift of J. Pierpont Morgan, 1917",https://images.metmuseum.org/CRDImages/es/original/DP-25120-001.jpg,"Snuffbox with portrait of a man, probably Prinz Karl von Sachsen (1733–1796)",Metalwork-Gold and Platinum
9570d700-c1d8-4bec-b53e-7ac15d227b29,Daniel Baudesson,"Medium: Gold, enamel, diamonds; ivory. Dimensions: 1 1/2 x 3 3/8 x 2 1/2 in. (3.8 x 8.6 x 6.4cm); Miniature: 2 3/8 x 3 1/4 in. (60 x 83 mm). Credit: Gift of J. Pierpont Morgan, 1917",https://images.metmuseum.org/CRDImages/es/original/DP285555.jpg,"Snuffbox with portrait of Frederick the Great (1712–1786), King of Prussia",Metalwork-Gold and Platinum
e74021bb-e919-4c99-a50e-60a92f0c9fca,Joseph Etienne Blerzy,"Medium: Gold, enamel, ivory, glass. Dimensions: Box: 3 1/4 × 2 7/16 in. (8.3 × 6.2 cm); Miniature, sight: 1 5/8 × 1 5/16 in. (4.1 × 3.3 cm). Credit: Gift of J. Pierpont Morgan, 1917",https://images.metmuseum.org/CRDImages/es/original/LC-17_190_1138.jpg,Snuffbox with portrait of a woman,Metalwork-Gold and Platinum
2cacd60f-5f27-42d5-a0c0-46bce2e8ad0e,Joseph Etienne Blerzy,"Medium: Gold, enamel, gouache on cloth, glass. Dimensions: Box: 1 3/16 × 3 1/4 × 2 1/2 in. (3 × 8.3 × 6.4 cm);
Miniature (oval): 1 1/2 × 1 1/8 in. (3.8 × 2.9 cm). Credit: Bequest of Catherine D. Wentworth, 1948",https://images.metmuseum.org/CRDImages/es/original/ep48.187.454.R.jpg,"Snuffbox with portrait of a member of the French royal family, probably a daughter of Louis XV",Metalwork-Gold and Platinum
b77cf767-235b-4ac7-bd8a-a9379a4f225f,Fathallah Shirazi,"Medium: Ink on paper. Dimensions: H. 10 in. (25.4 cm)
W. 8 in. (20.3 cm). Credit: Purchase, 2017 NoRuz at The Met Benefit, 2018",https://images.metmuseum.org/CRDImages/is/original/LC-TR_378_2017-SR1-20171031-11.jpg,Album of Flower Paintings,Codices
5a1255da-3cd6-4267-909a-05bc1fd170e3,Edgar Degas,"Medium: Oil on canvas. Dimensions: 20 7/8 x 15 3/4 in. (53 x 40 cm). Credit: H. O. Havemeyer Collection, Bequest of Mrs. H. O. Havemeyer, 1929",https://images.metmuseum.org/CRDImages/ep/original/DP-25461-001.jpg,The Collector of Prints,Paintings
46e73e74-cf33-4913-a699-478438c7fe00,Anthony van Dyck,"Medium: Oil on canvas. Dimensions: 47 1/8 x 34 5/8 in. (119.7 x 87.9 cm). Credit: The Jules Bache Collection, 1949",https://images.metmuseum.org/CRDImages/ep/original/DP-23705-001.jpg,Self-Portrait,Paintings
9dcc11a7-4a2b-495a-9ee4-06a556c1b545,Yi Jeong (artist name: Taneun),"Medium: Hanging scroll; ink on silk with gold on colophon. Dimensions: Image: 45 1/2 x 21 in. (115.6 x 53.3 cm)
Overall with mounting: 87 13/16 × 26 5/16 in. (223 × 66.8 cm)
Overall with knobs: 87 13/16 × 28 3/4 in. (223 × 73 cm). Credit: Mary Griggs Burke Collection, Gift of the Mary and Jackson Burke Foundation, 2015",https://images.metmuseum.org/CRDImages/as/original/DP355790.jpg,Bamboo in the Wind,Joseon dynasty (1392–1910)
e35f0e63-1c19-4c6e-92b4-6147223137af,Giovanni Bellini,"Medium: Oil on wood. Dimensions: 35 x 28 in. (88.9 x 71.1 cm). Credit: Rogers Fund, 1908",https://images.metmuseum.org/CRDImages/ep/original/DT375.jpg,Madonna and Child,Paintings
bd1cf55b-cd33-4758-b090-6f00706e618d,Correggio (Antonio Allegri),"Medium: Oil on canvas. Dimensions: 87 1/4 x 63 3/4 in. (221.6 x 161.9 cm). Credit: John Stewart Kennedy Fund, 1912",https://images.metmuseum.org/CRDImages/ep/original/DT2838.jpg,"Saints Peter, Martha, Mary Magdalen, and Leonard",Paintings
704b2999-fb6f-4b41-aa67-8cae322c83f8,Pietro Longhi (Pietro Falca),"Medium: Oil on canvas. Dimensions: 24 x 19 1/2 in. (61 x 49.5 cm). Credit: Gift of J. Pierpont Morgan, 1917",https://images.metmuseum.org/CRDImages/ep/original/DP124058.jpg,The Temptation,Paintings
c060d283-81c2-4e9d-8954-3f18b4b11a7a,Jan Brueghel the Elder,"Medium: Oil on wood. Dimensions: 18 1/8 x 32 3/4 in. (46 x 83.2 cm). Credit: Purchase, Fletcher, Rogers, Pfeiffer, Dodge, Harris Brisbane Dick, and Louis V. Bell Funds, and Joseph Pulitzer Bequest, 1974",https://images.metmuseum.org/CRDImages/ep/original/DP-19631-001.jpg,A Woodland Road with Travelers,Paintings
c3ea232d-06c0-44a0-9b92-04fff7c835bd,Jean-Baptiste Greuze,"Medium: Oil on canvas. Dimensions: 57 7/8 x 77 1/8 in. (147 x 195.9 cm). Credit: Gift of Harry N. Abrams and Purchase, Joseph Pulitzer Bequest, Pfeiffer, Fletcher, and Rogers Funds, 1970",https://images.metmuseum.org/CRDImages/ep/original/DP-12954-001.jpg,Aegina Visited by Jupiter,Paintings
59833f7d-fdda-4d1c-9d94-fb95fcc28646,El Greco (Domenikos Theotokopoulos),"Medium: Oil on canvas. Dimensions: 47 x 57 1/2 in. (119.4 x 146.1 cm). Credit: Gift of Mr. and Mrs. Charles Wrightsman, 1978",https://images.metmuseum.org/CRDImages/ep/original/DP-26505-001.jpg,Christ Healing the Blind,Paintings
35a85a89-1a2b-459c-ad7f-fe45158361f5,John Wootton,"Medium: Oil on canvas. Dimensions: Overall: 55 1/4 × 51 3/8 in. (140.3 × 130.5 cm). Credit: Fletcher Fund, 1931",https://images.metmuseum.org/CRDImages/es/original/DP169632.jpg,Classical Landscape with Roma Figures,Paintings-Decorative
5972f028-7841-4595-9807-a6b9334729f1,El Greco (Domenikos Theotokopoulos),"Medium: Oil on canvas. Dimensions: 87 1/2 x 76 in. (222.3 x 193 cm); with added strips 88 1/2 x 78 1/2 in. (224.8 x 199.4 cm) [top truncated]. Credit: Rogers Fund, 1956",https://images.metmuseum.org/CRDImages/ep/original/DP-17641-001.jpg,The Vision of Saint John,Paintings
0b2cf4c4-9b22-4f67-b075-e6d4eeb8ecdc,Anthony van Dyck,"Medium: Oil on canvas. Dimensions: 43 x 35 3/4 in. (109.2 x 90.8 cm); with added strips 44 1/8 x 37 in. (112.1 x 94 cm). Credit: Bequest of Lillian S. Timken, 1959",https://images.metmuseum.org/CRDImages/ep/original/DT5286.jpg,Virgin and Child with Saint Catherine of Alexandria,Paintings
cdb7e1b9-79d7-491f-90e0-0c36ac4e5ef5,Dosso Dossi (Giovanni de Lutero),"Medium: Oil on canvas. Dimensions: 30 1/2 x 44 in. (77.5 x 111.8 cm). Credit: Maria DeWitt Jesup Fund, 1926",https://images.metmuseum.org/CRDImages/ep/original/DP123842.jpg,The Three Ages of Humans,Paintings
61221dba-d911-4894-a508-9a2663a35eb9,Goya (Francisco de Goya y Lucientes),"Medium: Oil on canvas. Dimensions: 36 5/8 x 26 5/8 in. (93 x 67.6 cm). Credit: Rogers Fund, 1906",https://images.metmuseum.org/CRDImages/ep/original/DP-28009-001.jpg,Sebastián Martínez y Pérez (1747–1800),Paintings
017e308e-00d0-4b60-b7db-37f19f1981b2,François Boucher,"Medium: Oil on canvas. Dimensions: Oval, 16 1/8 x 13 5/8 in. (41 x 34.6 cm). Credit: Gift of Adelaide Milton de Groot, in memory of the de Groot and Hawley families, 1966",https://images.metmuseum.org/CRDImages/ep/original/DP123935.jpg,Virgin and Child with the Young Saint John the Baptist and Angels,Paintings
fc420941-64be-4994-8f60-ec95e99e0922,Goya (Francisco de Goya y Lucientes),"Medium: Oil on canvas. Dimensions: 76 3/4 x 45 1/4 in. (195 x 115 cm). Credit: Robert Lehman Collection, 1975",https://images.metmuseum.org/CRDImages/rl/original/DP295708.jpg,"Condesa de Altamira and Her Daughter, María Agustina",Paintings
5156eb40-036b-4148-a88b-1351c54e1b26,El Greco (Domenikos Theotokopoulos),"Medium: Oil on canvas. Dimensions: 67 1/4 x 42 1/2in. (170.8 x 108cm). Credit: H. O. Havemeyer Collection, Bequest of Mrs. H. O. Havemeyer, 1929",https://images.metmuseum.org/CRDImages/ep/original/DP-17777-001.jpg,Cardinal Fernando Niño de Guevara (1541–1609),Paintings
7083771f-c2db-46e7-b798-307a64d389a2,Pieter de Hooch,"Medium: Oil on wood. Dimensions: 26 3/4 x 23 in. (67.9 x 58.4 cm). Credit: H. O. Havemeyer Collection, Bequest of Mrs. H. O. Havemeyer, 1929",https://images.metmuseum.org/CRDImages/ep/original/DP145400.jpg,The Visit,Paintings
17d7e6fe-b0b6-408f-bf47-0a0c9241e73e,Peter Paul Rubens,"Medium: Oil on wood. Dimensions: 24 1/4 x 35 1/2 in. (61.5 x 90.2 cm). Credit: Purchase, The Annenberg Foundation, Mrs. Charles Wrightsman, Michel David-Weill, The Dillon Fund, Henry J. and Drue Heinz Foundation, Lola Kramarsky, Annette de la Renta, Mr. and Mrs. Arthur Ochs Sulzberger, The Vincent Astor Foundation, and Peter J. Sharp Gifts; special funds, gifts, and other gifts and bequests, by exchange, 1990",https://images.metmuseum.org/CRDImages/ep/original/DP-25739-001.jpg,A Forest at Dawn with a Deer Hunt,Paintings
4f53b6c8-4f9f-469b-b3a5-8767cd35a84c,Moretto da Brescia (Alessandro Bonvicino),"Medium: Oil on canvas. Dimensions: 94 1/2 x 74 1/2 in. (240 x 189.2 cm). Credit: John Stewart Kennedy Fund, 1912",https://images.metmuseum.org/CRDImages/ep/original/DP-15282-001.jpg,The Entombment,Paintings
2ec791d0-c268-4892-ad28-7ed88ec49590,Peter Paul Rubens,"Medium: Oil on wood. Dimensions: 19 1/2 x 32 7/8 in. (49.5 x 83.5 cm). Credit: Rogers Fund, 1942",https://images.metmuseum.org/CRDImages/ep/original/DT5154.jpg,The Triumph of Henry IV,Paintings
819d6723-84c6-4844-888b-2e688413aa39,Northern Highlands artist,"Medium: Wood, tempera, cord. Dimensions: On mount: H. 27 9/16 × W. 22 3/16 × D. 4 3/4 in. (70 × 56.3 × 12.1 cm). Credit: Louis V. Bell Fund, 2006",https://images.metmuseum.org/CRDImages/ao/original/DP124866.jpg,Icon triptych of Ewosṭatewos and eight of his disciples,Wood-Paintings
4ffe0b17-8fa7-43d1-8772-da29149450ec,Edgar Degas,"Medium: Oil on canvas. Dimensions: 59 5/8 x 44 in. (151.4 x 111.8 cm). Credit: Rogers Fund, 1939",https://images.metmuseum.org/CRDImages/ep/original/DP-25462-001.jpg,James-Jacques-Joseph Tissot (1836–1902),Paintings
a7432b1c-d5fc-4e9b-bc39-ce1c87206508,Michiel Sweerts,"Medium: Oil on canvas. Dimensions: 32 1/4 x 45 in. (81.9 x 114.3 cm). Credit: Gift of Mr. and Mrs. Charles Wrightsman, 1984",https://images.metmuseum.org/CRDImages/ep/original/DP-15762-001.jpg,Clothing the Naked,Paintings
4f4ac7d3-1e8b-49a3-a313-2f5757f97984,Juan Bautista Martínez del Mazo,"Medium: Oil on canvas. Dimensions: 50 1/4 x 41 in. (127.6 x 104.1 cm). Credit: Fletcher Fund, 1952",https://images.metmuseum.org/CRDImages/ep/original/DP-14936-011.jpg,"Don Gaspar de Guzmán (1587–1645), Count-Duke of Olivares",Paintings
ac76afd9-84ea-4633-bb88-c748cacecae6,Rembrandt (Rembrandt van Rijn),"Medium: Oil on wood. Dimensions: 29 5/8 x 21 3/4 in. (75.2 x 55.2 cm). Credit: H. O. Havemeyer Collection, Bequest of Mrs. H. O. Havemeyer, 1929",https://images.metmuseum.org/CRDImages/ep/original/DP145921.jpg,Herman Doomer (ca. 1595–1650),Paintings
fc259b03-2fe7-4d5b-8d2e-9f78e4f92350,Thomas Gainsborough,"Medium: Oil on canvas. Dimensions: 58 1/8 x 47 3/8 in. (147.6 x 120.3 cm). Credit: Bequest of Mary Stillman Harkness, 1950",https://images.metmuseum.org/CRDImages/ep/original/DP169640.jpg,Cottage Children (The Wood Gatherers),Paintings
671f5002-5d08-419d-a7d2-dd9e1d8f7030,Berlinghiero,"Medium: Tempera on wood, gold ground. Dimensions: Overall 31 5/8 x 21 1/8 in. (80.3 x 53.7 cm); painted surface 30 x 19 1/2 in. (76.2 x 49.5 cm). Credit: Gift of Irma N. Straus, 1960",https://images.metmuseum.org/CRDImages/ep/original/DP-26882-001.jpg,Madonna and Child,Paintings
1c4be7a2-7fd1-4b51-84d2-8492f784584b,Goya (Francisco de Goya y Lucientes),"Medium: Oil on canvas. Dimensions: 41 x 32 3/8 in. (104.1 x 82.2 cm). Credit: Bequest of Harry Payne Bingham, 1955",https://images.metmuseum.org/CRDImages/ep/original/DP-28011-001.jpg,Josefa de Castilla Portugal y van Asbrock de Garcini (1775–about 1850),Paintings
fdd79c07-0880-48f4-907f-ad1f7af4ff76,Goya (Francisco de Goya y Lucientes),"Medium: Oil on canvas. Dimensions: 41 x 32 3/4 in. (104.1 x 83.2 cm). Credit: Bequest of Harry Payne Bingham, 1955",https://images.metmuseum.org/CRDImages/ep/original/DP-28010-001.jpg,"Ignacio Garcini y Queralt (1752–1825), Brigadier of Engineers",Paintings
a1c5de62-3d86-4c08-92c0-f0dd01eb6a93,Peter Paul Rubens,"Medium: Oil on canvas. Dimensions: 96 5/8 x 148 1/8 in. (245.4 x 376.2 cm). Credit: John Stewart Kennedy Fund, 1910",https://images.metmuseum.org/CRDImages/ep/original/DP-27136-001.jpg,Wolf and Fox Hunt,Paintings
511cc334-0398-4b19-b384-821d5b845c8b,Jean-Baptiste Greuze,"Medium: Oil on canvas. Dimensions: 25 1/4 x 21 1/4 in. (64.1 x 54 cm). Credit: Gift of Edith C. Blum (et al.) Executors, in memory of Mr. and Mrs. Albert Blum, 1966",https://images.metmuseum.org/CRDImages/ep/original/DP-19779-001.jpg,"Charles Claude de Flahaut (1730–1809), Comte d'Angiviller",Paintings
95d92a23-98b1-4896-81d5-b4ed0782f4d4,Leng Mei,"Medium: Hanging scroll; ink and color on silk. Dimensions: Image: 66 13/16 × 37 3/16 in. (169.7 × 94.5 cm)
Overall with mounting: 91 1/4 × 43 7/16 in. (231.8 × 110.3 cm)
Overall with knobs: 91 1/4 × 47 1/4 in. (231.8 × 120 cm). Credit: Purchase, Friends of Asian Art Gifts, 2024",https://images.metmuseum.org/CRDImages/as/original/DP-34237-002.jpg,Woman at her dressing table,Qing dynasty (1644–1911)
f85233f0-565f-4d87-8998-e13867444921,Jean Siméon Chardin,"Medium: Oil on canvas. Dimensions: 30 x 42 1/2 in. (76.2 x 108 cm). Credit: Fletcher Fund, 1959",https://images.metmuseum.org/CRDImages/ep/original/DP356136.jpg,The Silver Tureen,Paintings
8d4ed2a2-7679-4828-ad2a-c822f8d15fdb,baron François Gérard,"Medium: Oil on canvas. Dimensions: 88 7/8 x 64 7/8 in. (225.7 x 164.8 cm). Credit: Wrightsman Fund, 2002",https://images.metmuseum.org/CRDImages/ep/original/DP-417-001.jpg,Madame Charles Maurice de Talleyrand Périgord (1761–1835),Paintings
cdfbc832-160c-43fb-972c-9fd785e83c43,Guido Reni,"Medium: Oil on canvas. Dimensions: 54 x 41 3/4 in. (137.2 x 106 cm). Credit: Gift of Mr. and Mrs. Charles Wrightsman, 1974",https://images.metmuseum.org/CRDImages/ep/original/DT10776.jpg,Charity,Paintings
a70047a9-be94-4d70-aee5-13c6c3eb4493,Elisabeth Louise Vigée Le Brun,"Medium: Oil on canvas. Dimensions: 45 x 34 1/2 in. (114.3 x 87.6 cm). Credit: Gift of Jessie Woolworth Donahue, 1954",https://images.metmuseum.org/CRDImages/ep/original/DP320086.jpg,"Comtesse de la Châtre (Marie Charlotte Louise Perrette Aglaé Bontemps, 1762–1848)",Paintings
d0e4e5a1-3775-4505-85e3-27e1579c5bb8,Eugène Delacroix,"Medium: Oil on canvas. Dimensions: 39 1/2 x 32 1/4 in. (100.3 x 81.9 cm). Credit: Catharine Lorillard Wolfe Collection, Wolfe Fund, 1903",https://images.metmuseum.org/CRDImages/ep/original/DP-14344-001.jpg,The Abduction of Rebecca,Paintings
fef36d9a-8d2a-44b7-aec1-0f23505dfc6e,Katsukawa Shunshō 勝川春章,"Medium: Hanging scroll; ink, color, and gold on silk. Dimensions: Image: 33 1/2 × 11 1/4 in. (85.1 × 28.6 cm)
Overall with mounting: 67 11/16 × 15 7/8 in. (172 × 40.4 cm)
Overall with knobs: 67 11/16 × 17 13/16 in. (172 × 45.2 cm). Credit: Mary Griggs Burke Collection, Gift of the Mary and Jackson Burke Foundation, 2015",https://images.metmuseum.org/CRDImages/as/original/DP-12232-128.jpg,Woman in a Black Kimono,Edo period (1615–1868)
ee76e72c-f456-485f-877d-7e10bd536c06,Unidentified artist,"Medium: Hanging scroll; ink, color, and gold on silk. Dimensions: Image: 33 1/4 × 14 1/2 in. (84.5 × 36.8 cm)
Overall with mounting: 79 × 25 3/8 in. (200.7 × 64.5 cm)
Overall with knobs: 79 × 27 1/4 in. (200.7 × 69.2 cm). Credit: H. O. Havemeyer Collection, Gift of Horace Havemeyer, 1929",https://images.metmuseum.org/CRDImages/as/original/DP-13942-002.jpg,Kshitigarbha,Goryeo dynasty (918–1392)
082ceff9-575f-4554-82ef-a8f4ffa16cc2,Unidentified artist,"Medium: Hanging scroll; ink, color, and gold on silk. Dimensions: Image: 40 1/2 × 20 3/8 in. (102.9 × 51.8 cm)
Overall with mounting: 72 × 27 3/8 in. (182.9 × 69.5 cm)
Overall with knobs: 72 × 29 3/8 in. (182.9 × 74.6 cm). Credit: H. O. Havemeyer Collection, Bequest of Mrs. H. O. Havemeyer, 1929",https://images.metmuseum.org/CRDImages/as/original/DP-13940-002.jpg,Water-Moon Avalokiteshvara,Goryeo dynasty (918–1392)
eed52b02-b5ca-408d-beec-84d374e58002,Devidasa of Nurpur,"Medium: Opaque watercolor, ink, silver, and gold on paper. Dimensions: Image: 6 1/2 x 10 7/8 in. (16.5 x 27.6 cm)
Sheet: 8 x 12 1/4 in. (20.3 x 31.1 cm)
Framed: 15 5/8 x 20 1/2 in. (39.7 x 52.1 cm). Credit: Gift of Dr. J. C. Burnett, 1957",https://images.metmuseum.org/CRDImages/as/original/DT5245.jpg,Shiva and Parvati Playing Chaupar: Folio from a Rasamanjari Series,Paintings
093ee0ee-0391-47d1-b331-4b5b1b6f1b59,Diego de Tiedra,"Medium: Alabaster, painted and gilt. Dimensions: Overall (confirmed): H. 20 1/4 x W. 20 1/2 x D. 4 7/8 in. (51.4 x 52.1 x 12.4 cm);
Diameter (historic dimensions, superceded): 21 in. (53.3 cm). Credit: Purchase, Joseph Pulitzer Bequest, 1934",https://images.metmuseum.org/CRDImages/es/original/DP221974.jpg,Saint Agnes (one of a pair),Sculpture
245890de-3a08-4e5e-aadf-29e86df99268,Maruyama Ōkyo 円山応挙,"Medium: Pair of six-panel folding screens; ink, color and gold on paper. Dimensions: Each: Image: 60 9/16 in. × 11 ft. 7 1/2 in. (153.9 × 354.4 cm). Credit: Mary Griggs Burke Collection, Gift of the Mary and Jackson Burke Foundation, 2015",https://images.metmuseum.org/CRDImages/as/original/DP704980.jpg,Goose and Reeds; Willows in the Moonlight,Edo period (1615–1868)
316fae70-83a0-4c19-9f08-b2b9d7f63cdb,Unidentified artist,"Medium: Hanging scroll; ink, color, and gold on silk. Dimensions: Image: 45 5/8 × 20 1/2 in. (115.9 × 52.1 cm)
Overall: 79 × 29 3/4 in. (200.7 × 75.6 cm)
Overall with knobs: 79 × 31 5/8 in. (200.7 × 80.3 cm). Credit: Gift of Sylvan Barnet and William Burto, 2007",https://images.metmuseum.org/CRDImages/as/original/DP156184.jpg,Portrait of Shun'oku Myōha,Nanbokuchō period (1336–92)
82c82c7e-808a-4584-9d79-ef7c332233bc,Ogata Kōrin,"Medium: Two-panel folding screen; ink, color, and gold leaf on paper. Dimensions: Image: 57 11/16 × 65 1/8 in. (146.5 × 165.4 cm)
Overall: 59 1/4 × 66 1/2 in. (150.5 × 168.9 cm). Credit: Fletcher Fund, 1926",https://images.metmuseum.org/CRDImages/as/original/DT1615.jpg,Rough Waves,Edo period (1615–1868)
96909d30-b718-4519-8a93-e24a30219964,Ogata Kōrin,"Medium: Pair of six-panel folding screens; ink and color on gold leaf on paper. Dimensions: Image (each screen): 64 7/16 in. x 11ft. 6 3/4 in. (163.7 x 352.4 cm)
Overall (each screen): 70 1/2 in. x 12 ft. 2 1/4 in. (179.1 x 371.5 cm). Credit: Purchase, Louisa Eldridge McBurney Gift, 1953",https://images.metmuseum.org/CRDImages/as/original/DT231.jpg,Irises at Yatsuhashi (Eight Bridges),Edo period (1615–1868)
45c8dc2b-7f1e-4c82-b599-212be2ee1024,Mustafa ibn Vali,"Medium: Ink, opaque watercolor, and gold on paper. Dimensions: H. 14 9/16 in. (37 cm)
W. 10 1/4 in. (26 cm). Credit: Purchase, Lila Acheson Wallace Gift, 1994",https://images.metmuseum.org/CRDImages/is/original/DP234015.jpg,"""The Angel Gabriel meets 'Amr ibn Zaid (the Shepherd)"", Folio from a Siyer-i Nebi (the Life of the Prophet)",Codices
4dffb0ae-520a-4bac-9352-e42559229021,Joseph Etienne Blerzy,"Medium: Gold, enamel, diamonds. Dimensions: Overall: 1 3/8 × 3 × 2 3/16 in. (3.5 × 7.6 × 5.6 cm);
Miniature: 1 1/8 × 15/16 in. (2.9 × 2.4 cm). Credit: Bequest of Catherine D. Wentworth, 1948",https://images.metmuseum.org/CRDImages/es/original/LC-48_187_427-001.jpg,"Snuffbox with portrait of Catherine II (1729–1796), Empress of Russia",Metalwork-Gold and Platinum
5420f67d-b2f1-4fdf-824a-d954bca2fb0e,Giovanni Nevizzano,"Medium: Printed on paper, brown calf leather binding (tooled). Dimensions: Overall: 6 3/4 x 4 1/2 x 1 3/16 in. (17.2 x 11.5 x 3 cm). Credit: Fletcher Fund, 1924",https://images.metmuseum.org/CRDImages/md/original/sf24-142-1s1b.jpg,Printed Book with Silva Nuptialis Bonis Referta Non Modicis,Leatherwork
a5e9d0f9-db45-4cfc-911b-8d74a0e94417,Gai Qi,"Medium: Album of sixteen leaves; ink on paper. Dimensions: Image (each): 9 3/4 × 6 5/8 in. (24.8 × 16.8 cm)
Double-page leaf (each): 12 3/8 × 16 in. (31.4 × 40.6 cm). Credit: Purchase, Bequests of Edna H. Sachs and Flora E. Whiting, by exchange; Fletcher Fund, by exchange; Gifts of Mrs. Harry Payne Bingham and Mrs. Henry J. Bernheim, by exchange; and funds from various donors, by exchange, 2016",https://images.metmuseum.org/CRDImages/as/original/DP-14152-011.jpg,Famous Women,Qing dynasty (1644–1911)
d8036e86-5948-4a2c-b523-83864cfa0ba9,Sugai Baikan,"Medium: Album of eighteen double leaves; ink and color on paper. Dimensions: Image (each): 11 5/8 × 13 1/16 in. (29.5 × 33.2 cm)
Overall with mounting (each): 11 11/16 × 13 1/4 in. (29.7 × 33.6 cm). Credit: Mary and Cheney Cowles Collection, Gift of Mary and Cheney Cowles, 2025",https://images.metmuseum.org/CRDImages/as/original/DP-44458-004_crd.jpg,Title: Landscapes after Masters of the Past,Edo period (1615–1868)
f02b5884-a9e7-4aa9-ad93-f0edce1c7ad9,Andrea del Sarto (Andrea d'Agnolo),"Medium: Oil on wood. Dimensions: 53 1/2 x 39 5/8 in. (135.9 x 100.6 cm). Credit: Maria DeWitt Jesup Fund, 1922",https://images.metmuseum.org/CRDImages/ep/original/DP295025.jpg,The Holy Family with the Young Saint John the Baptist,Paintings
2b305cde-563a-4fbb-ab02-cfeeb3ef752d,Nicolas Poussin,"Medium: Oil on canvas. Dimensions: 46 7/8 x 72 in. (119.1 x 182.9 cm). Credit: Fletcher Fund, 1924",https://images.metmuseum.org/CRDImages/ep/original/DP148490.jpg,Blind Orion Searching for the Rising Sun,Paintings
bd615ddc-8320-43c3-b9a5-859d69e7dbc4,Annibale Carracci,"Medium: Oil on canvas. Dimensions: 46 3/8 x 55 5/8 in. (117.8 x 141.3 cm). Credit: Purchase, Bequest of Miss Adelaide Milton de Groot (1876-1967), by exchange, and Dr. and Mrs. Manuel Porter and sons Gift, in honor of Mrs. Sarah Porter, 1971",https://images.metmuseum.org/CRDImages/ep/original/DP-27033-001.jpg,The Coronation of the Virgin,Paintings
3e0b8dd9-a494-42e3-b8b2-a6dea8dde0ad,Jusepe de Ribera (called Lo Spagnoletto),"Medium: Oil on canvas. Dimensions: 82 1/2 x 60 3/4 in. (209.6 x 154.3 cm). Credit: Samuel D. Lee Fund, 1934",https://images.metmuseum.org/CRDImages/ep/original/DT16.jpg,The Holy Family with Saints Anne and Catherine of Alexandria,Paintings
a1168e9e-0994-4de6-84ea-70d3ddd759b6,Giovanni Battista Moroni,"Medium: Oil on canvas. Dimensions: 40 x 32 1/4 in. (101.6 x 81.9 cm). Credit: Purchase, Joseph Pulitzer Bequest, 1913",https://images.metmuseum.org/CRDImages/ep/original/DP-25740-001.jpg,Bartolomeo Bonghi (died 1584),Paintings
268bf335-6ba6-4a5c-803b-600c460fe44b,Jean Honoré Fragonard,"Medium: Oil on canvas. Dimensions: 32 x 25 3/4 in. (81.3 x 65.4 cm). Credit: Fletcher Fund, 1937",https://images.metmuseum.org/CRDImages/ep/original/DP-1019-01.jpg,Marie Emilie Coignet de Courson (1716–1806) with a Dog,Paintings
6ca80060-8944-4e2c-aaae-310e2ff26c55,Paolo Veronese (Paolo Caliari),"Medium: Oil on canvas. Dimensions: 81 x 63 3/8 in. (205.7 x 161 cm). Credit: John Stewart Kennedy Fund, 1910",https://images.metmuseum.org/CRDImages/ep/original/DP167124.jpg,Mars and Venus United by Love,Paintings
f3afac4e-4a4c-4d0e-9c57-4073528039a4,Velázquez (Diego Rodríguez de Silva y Velázquez),"Medium: Oil on canvas. Dimensions: 48 1/2 x 52 1/4 in. (123.2 x 132.7 cm). Credit: Bequest of Benjamin Altman, 1913",https://images.metmuseum.org/CRDImages/ep/original/DP120945.jpg,The Supper at Emmaus,Paintings
4e803282-e7c3-4261-b70f-cc3794f94099,Louis Léopold Boilly,"Medium: Oil on canvas. Dimensions: 24 1/4 x 32 1/2 in. (61.6 x 82.6 cm). Credit: Gift of Mrs. Charles Wrightsman, 2012",https://images.metmuseum.org/CRDImages/ep/original/DP270310.jpg,"The Public Viewing David's ""Coronation"" at the Louvre",Paintings
8ab0c113-fa59-496a-8e7a-242d45962f9e,Vittore Carpaccio,"Medium: Oil and tempera on wood. Dimensions: Overall 27 3/4 x 34 1/8in. (70.5 x 86.7cm); painted surface 26 3/16 × 33 1/4 in. (66.5 × 84.5 cm). Credit: John Stewart Kennedy Fund, 1911",https://images.metmuseum.org/CRDImages/ep/original/DP296427.jpg,The Meditation on the Passion,Paintings
7b3dca7d-2e73-40f3-a915-2bf622b99cfc,Ludovico Carracci,"Medium: Oil on canvas. Dimensions: 37 1/2 x 68 in. (95.3 x 172.7 cm). Credit: Purchase, Lila Acheson Wallace and The Annenberg Foundation Gifts; Harris Brisbane Dick, Rogers, and Gwynne Andrews Funds; Pat and John Rosenwald, Mark Fisch and Rachel Davidson, and Jon and Barbara Landau Gifts; Gift of Mortimer D. Sackler, Theresa Sackler and Family; and Victor Wilbour Memorial, Marquand, The Alfred N. Punnett Endowment, and Charles B. Curtis Funds, 2000",https://images.metmuseum.org/CRDImages/ep/original/DP-26972-001.jpg,The Lamentation,Paintings
52fcaa7c-47da-48a4-8afa-8778a73fca11,Marie Denise Villers,"Medium: Oil on canvas. Dimensions: 63 1/2 × 50 5/8 in. (161.3 × 128.6 cm). Credit: Mr. and Mrs. Isaac D. Fletcher Collection, Bequest of Isaac D. Fletcher, 1917",https://images.metmuseum.org/CRDImages/ep/original/DP-416-001.jpg,Marie Joséphine Charlotte du Val d'Ognes (1786–1868),Paintings
c1fa8515-039c-4688-9463-7244fbf72340,Sir Thomas Lawrence,"Medium: Oil on canvas. Dimensions: 94 in. × 57 1/2 in. (238.8 × 146.1 cm). Credit: Bequest of Edward S. Harkness, 1940",https://images.metmuseum.org/CRDImages/ep/original/DP169218.jpg,"Elizabeth Farren (born about 1759, died 1829), Later Countess of Derby",Paintings
338d15db-2adf-4e14-b90f-b40765e1a404,Sir Joshua Reynolds,"Medium: Oil on canvas. Dimensions: 93 3/4 x 57 1/4 in. (238.1 x 145.4 cm). Credit: Bequest of William K. Vanderbilt, 1920",https://images.metmuseum.org/CRDImages/ep/original/DP169215.jpg,Captain George K. H. Coussmaker (1759–1801),Paintings
43b2d860-7af2-4109-8ef1-5daf5d162552,Albrecht Dürer,"Medium: Oil on linden. Dimensions: 23 5/8 x 19 5/8 in. (60 x 49.8 cm). Credit: Bequest of Benjamin Altman, 1913",https://images.metmuseum.org/CRDImages/ep/original/DP280846.jpg,Virgin and Child with Saint Anne,Paintings
afa4b440-0114-4f79-b1b1-b4fd466d97fa,Valentin de Boulogne,"Medium: Oil on canvas. Dimensions: 50 1/2 x 39 in. (128.3 x 99.1 cm). Credit: Purchase, Walter and Leonore Annenberg Acquisitions Endowment Fund; Director's Fund; Acquisitions Fund; James and Diane Burke and Mark Fisch and Rachel Davidson Gifts; Louis V. Bell, Harris Brisbane Dick, Fletcher, and Rogers Funds and Joseph Pulitzer Bequest, 2008",https://images.metmuseum.org/CRDImages/ep/original/DP168811.jpg,Lute Player,Paintings
84f980b0-628e-4f88-b2ff-43ecc3753c40,baron François Gérard,"Medium: Oil on canvas. Dimensions: 83 7/8 x 57 7/8 in. (213 x 147 cm). Credit: Purchase, Mrs. Charles Wrightsman Gift, 2012",https://images.metmuseum.org/CRDImages/ep/original/DP277234.jpg,"Charles Maurice de Talleyrand Périgord (1754–1838), Prince de Bénévent",Paintings
e78cda78-3eaa-4fe1-92d6-17222d9b5172,Unidentified artist,"Medium: Hanging scroll; color and gold on silk. Dimensions: Image: 23 13/16 x 12 5/8 in. (60.5 x 32 cm)
Overall with mounting: 60 x 21 1/8 in. (152.4 x 53.7 cm). Credit: Mary Griggs Burke Collection, Gift of the Mary and Jackson Burke Foundation, 2015",https://images.metmuseum.org/CRDImages/as/original/DP355788.jpg,Shakyamuni triad,Joseon dynasty (1392–1910)
81816483-09aa-4dc8-a534-142b990ef944,Girolamo Romanino,"Medium: Distemper and oil(?) on canvas. Dimensions: 70 7/8 x 47 1/2 in. (180 x 120.7 cm). Credit: Purchase, Anonymous Bequest, by exchange, 1989",https://images.metmuseum.org/CRDImages/ep/original/DT6075.jpg,The Flagellation; (reverse) The Madonna of Mercy,Paintings
ce623e5d-d149-40ba-b047-5f1b1a5a23c2,Giovanni Battista Tiepolo,"Medium: Oil on canvas. Dimensions: Oval painted surface, 32 1/8 x 26 1/8 in. (81.6 x 66.4 cm). Credit: Rogers Fund, 1937",https://images.metmuseum.org/CRDImages/ep/original/DT5155.jpg,The Apotheosis of the Spanish Monarchy,Paintings
df536b6a-12f8-46b0-9f00-9c5d22912e1a,Unidentified artist,"Medium: Hanging scroll; ink and color on silk. Dimensions: Image: 52 3/8 × 30 3/8 in. (133 × 77.2 cm)
Overall with mounting: 76 × 31 in. (193 × 78.7 cm)
Overall with knobs: 76 × 33 1/4 in. (193 × 84.5 cm). Credit: Purchase, Harris Brisbane Dick and 2014 Benefit Funds; Friends of Korean Art, Locks Foundation, Hyun Jun M. Kim, and Tchah Sup and Myong Hi Kim Gifts, 2014",https://images.metmuseum.org/CRDImages/as/original/DP341229.jpg,Portrait of Yun Dongseom (1710–1795),Joseon dynasty (1392–1910)
6eeada5b-9d5b-43df-8bf6-99ad81018018,"A. P. C., Switzerland","Medium: Gold, enamel. Dimensions: Overall: 1 9/16 × 3 9/16 × 1 7/8 in. (4 × 9 × 4.8 cm). Credit: Gift of Mr. and Mrs. Charles Wrightsman, 1976",https://images.metmuseum.org/CRDImages/es/original/LC-1976_155_19-001.jpg,Snuffbox,Metalwork-Gold and Platinum
1a2a82de-1f6a-4197-9cca-d8de15ac7aee,Joseph Siffred Duplessis,"Medium: Oil on canvas. Dimensions: Oval, 28 1/2 x 22 7/8 in. (72.4 x 58.1 cm). Credit: The Friedsam Collection, Bequest of Michael Friedsam, 1931",https://images.metmuseum.org/CRDImages/ep/original/DP-1255-001.jpg,Benjamin Franklin (1706–1790),Paintings
6053da06-73dc-47bd-bff9-4f098216d6d3,Stipple Master,"Medium: Ink, opaque watercolor, gold, and Basra pearls on paper. Dimensions: 8 1/4 x 7 1/2 in. (21 x 19 cm). Credit: Cynthia Hazen Polsky and Leon B. Polsky Fund, 2004",https://images.metmuseum.org/CRDImages/as/original/DP112943.jpg,Maharana Sangram Singh Riding a Prize Stallion,Paintings
2a75982c-ac76-4cd0-b8ce-c73a32929d6a,Botticelli (Alessandro di Mariano Filipepi),"Medium: Tempera and gold on wood. Dimensions: 13 1/2 x 10 in. (34.3 x 25.4 cm). Credit: Bequest of Benjamin Altman, 1913",https://images.metmuseum.org/CRDImages/ep/original/DP-24049-001.jpg,The Last Communion of Saint Jerome,Paintings
ed694539-26fe-4dae-a3cf-c5b15f81870d,Tara,"Medium: Opaque watercolor, ink, and gold on paper. Dimensions: Image: 16 3/4 x 22 3/4 in. (42.5 x 57.8 cm)
Sheet: 19 x 24 7/8 in. (48.3 x 63.2 cm). Credit: Cynthia Hazen Polsky and Leon B. Polsky Fund, 2001",https://images.metmuseum.org/CRDImages/as/original/DT4984.jpg,Maharana Sarup Singh Inspects a Prize Stallion,Paintings
4cbe74d8-52ec-4d36-b7ee-d036f9afcf25,Unidentified artist,"Medium: Hanging scroll; ink and color on silk. Dimensions: Image: 37 1/4 × 21 7/8 in. (94.6 × 55.6 cm)
Overall with mounting: 72 3/8 × 29 5/8 in. (183.8 × 75.2 cm)
Overall with knobs: 72 3/8 × 31 3/4 in. (183.8 × 80.6 cm). Credit: Rogers Fund, 1913",https://images.metmuseum.org/CRDImages/as/original/DP-13944-002.jpg,Amitabha and Kshitigarba,Goryeo dynasty (918–1392)
018dc12f-7580-493e-9571-4d73fe1cec88,Unidentified artist,"Medium: Ten-panel folding screen; ink and color on silk. Dimensions: Each: Image: 40 1/2 × 12 1/2 in. (102.9 × 31.8 cm)
Overall: 69 in. × 15 ft. (175.3 × 457.2 cm). Credit: Purchase, Shelby White Gift, 2005",https://images.metmuseum.org/CRDImages/as/original/DP163170.jpg,Books and Scholars' Possessions,Paintings
e6025e0b-4c40-454a-aca9-ed86681d86a2,Unidentified artist,"Medium: Hanging scroll; ink and color on hemp. Dimensions: Image: 85 × 87 in. (215.9 × 221 cm)
Overall with mounting: 132 × 97 in. (335.3 × 246.4 cm)
Overall with knobs: 132 × 101 3/4 in. (335.3 × 258.4 cm). Credit: Gift of Mrs. Edward S. Harkness, 1921",https://images.metmuseum.org/CRDImages/as/original/DT5233.jpg,Brahma with Attendants and Musicians,Joseon dynasty (1392–1910)
6872be92-d532-4cbf-be76-b53b3cb58115,Unidentified artist,"Medium: Hanging scroll; ink and color on paper. Dimensions: Image: 54 x 22 3/4 in. (137.2 x 57.8 cm)
Overall with mounting: 74 3/4 x 29 1/2 in. (189.9 x 74.9 cm)
Overall with knobs: 74 3/4 x 31 3/4 in. (189.9 x 80.6 cm). Credit: Purchase, Bequests of Harrison Cady and Louisa McNeary, by exchange, and Bequest of Dorothy Graham Bennett, 1987",https://images.metmuseum.org/CRDImages/as/original/DP-36420-002.jpg,Grapevine and Squirrels,Joseon dynasty (1392–1910)
cb09a9e3-45b8-4df9-88e1-ea61976e0466,Carl Gustav Carus,"Medium: Oil on canvas. Dimensions: 11 1/4 × 8 1/2 in. (28.5 × 21.5 cm). Credit: Purchase, Fern and George Wachter Gift, 2018",https://images.metmuseum.org/CRDImages/ep/original/DP-16387-001.jpg,Schloss Milkel in Moonlight,Paintings
2bb13572-3aa3-49f8-b2cf-f788131fa49f,Qi Zhijia,"Medium: Folding fan mounted as an album leaf; ink on gold paper. Dimensions: 6 1/2 x 19 1/2 in. (16.5 x 49.5 cm). Credit: John Stewart Kennedy Fund, 1913",https://images.metmuseum.org/CRDImages/as/original/DP153848.jpg,Landscape with fisherman,Ming dynasty (1368–1644)
ae387a6e-28a5-4788-a9a1-0be91f449c4f,Unidentified artist,"Medium: Hanging scroll; ink and color on silk. Dimensions: Image: 59 7/8 x 30 5/8 in. (152.1 x 77.8 cm)
Overall with mounting: 88 1/2 x 37 1/8 in. (224.8 x 94.3 cm)
Overall with knobs: 88 1/2 x 40 1/8 in. (224.8 x 101.9 cm). Credit: Seymour Fund, 1959",https://images.metmuseum.org/CRDImages/as/original/DP-37468-002.jpg,Portrait of the Great Master Seosan,Joseon dynasty (1392–1910)
5aa682dd-5708-44dd-b5a8-d944698bbd5b,Kano Tan'yū,"Medium: Hanging scroll; ink and color on paper. Dimensions: Image: 38 3/4 in. × 15 in. (98.5 × 38.1 cm)
Overall with mounting: 80 1/2 × 21 7/16 in. (204.5 × 54.5 cm)
Overall with knobs: 80 1/2 × 23 5/8 in. (204.5 × 60 cm). Credit: Mary Griggs Burke Collection, Gift of the Mary and Jackson Burke Foundation, 2015",https://images.metmuseum.org/CRDImages/as/original/DP-12232-063.jpg,Jizō Bosatsu Playing a Flute,Edo period (1615–1868)
2ed48d72-5668-42d2-a7d6-51b6e8144db2,Unidentified artist,"Medium: Hanging scroll; ink and color on silk. Dimensions: Image: 45 1/16 × 21 7/8 in. (114.5 × 55.6 cm)
Overall with mounting: 79 3/8 × 28 in. (201.6 × 71.1 cm)
Overall with knobs: 79 3/8 × 30 1/8 in. (201.6 × 76.5 cm). Credit: Charles Stewart Smith Collection, Gift of Mrs. Charles Stewart Smith, Charles Stewart Smith Jr., and Howard Caswell Smith, in memory of Charles Stewart Smith, 1914",https://images.metmuseum.org/CRDImages/as/original/DP-15580-002.jpg,Water-moon Avalokiteshvara,Goryeo dynasty (918–1392)
bce06aca-dfc3-4213-9030-be6033b05a75,Bokurin Guan,"Medium: Hanging scroll; ink on paper. Dimensions: Image: 25 1/4 × 12 1/8 in. (64.2 × 30.8 cm)
Overall with mounting: 57 5/16 × 15 1/2 in. (145.5 × 39.3 cm)
Overall with knobs: 57 5/16 × 17 5/16 in. (145.5 × 44 cm). Credit: Mary Griggs Burke Collection, Gift of the Mary and Jackson Burke Foundation, 2015",https://images.metmuseum.org/CRDImages/as/original/DP361165.jpg,Cicada on a Grapevine,late Nanbokuchō (1336–92)–early Muromachi period (1392–1573)
8ac645f8-6237-43a3-a0f6-f27c25cd5fff,Ni Zan,"Medium: Hanging scroll; ink on paper. Dimensions: Image: 37 1/4 x 14 1/8 in. (94.6 x 35.9 cm)
Overall with mounting: 82 x 20 5/8 in. (208.3 x 52.4 cm)
Overall with knobs: 82 x 24 5/8 in. (208.3 x 62.5 cm). Credit: Ex coll.: C. C. Wang Family, Gift of The Dillon Fund, 1973",https://images.metmuseum.org/CRDImages/as/original/DP-19459-002.jpg,Woods and Valleys of Mount Yu,Yuan dynasty (1271–1368)
590ee66d-2f57-4a14-9d24-cc662a95fee0,Ogata Kōrin,"Medium: Hanging scroll; ink on paper. Dimensions: Image: 11 1/4 × 14 1/2 in. (28.5 × 36.8 cm)
Overall with mounting: 41 3/4 × 19 9/16 in. (106 × 49.7 cm)
Overall with knobs: 41 3/4 in. × 21 5/8 in. (106 × 54.9 cm). Credit: Mary Griggs Burke Collection, Gift of the Mary and Jackson Burke Foundation, 2015",https://images.metmuseum.org/CRDImages/as/original/DP-12232-076.jpg,Hotei,Edo period (1615–1868)
81b89851-8763-4f58-8f94-0f18cb75ad31,Sesson Shūkei 雪村周継,"Medium: Pair of six-panel screens; ink on paper. Dimensions: Image (each screen): 62 in. x 11 ft. 5 in. (157.5 x 348 cm). Credit: Purchase, Rogers Fund and The Vincent Astor Foundation, Mary Livingston Griggs and Mary Griggs Burke Foundation, and Florence and Herbert Irving Gifts, 1992",https://images.metmuseum.org/CRDImages/as/original/DP-15584-008.jpg,Gibbons in a Landscape,Muromachi period (1392–1573)
cb7aad43-8430-4a2b-bb30-96bda7d331b6,Ike (Tokuyama) Gyokuran,"Medium: Hanging scroll; ink and color on paper. Dimensions: Image: 36 5/8 × 16 7/16 in. (93 × 41.7 cm)
Overall with mounting: 68 7/8 × 22 3/16 in. (175 × 56.4 cm)
Overall with knobs: 68 7/8 × 24 7/16 in. (175 × 62 cm). Credit: Mary Griggs Burke Collection, Gift of the Mary and Jackson Burke Foundation, 2015",https://images.metmuseum.org/CRDImages/as/original/DP-12232-195.jpg,Peony and Bamboo,Edo period (1615–1868)
45a484bf-b00c-43fa-972a-63a451fbceaa,Itō Jakuchū,"Medium: Hanging scroll; ink and color on silk. Dimensions: Image: 55 3/8 × 31 1/4 in. (140.7 × 79.4 cm)
Overall with mounting: 8 ft. 5 15/16 in. × 38 7/16 in. (259 × 97.6 cm) 
Overall with knobs: 8 ft. 5 15/16 in. × 41 1/8 in. (259 × 104.5 cm). Credit: Mary Griggs Burke Collection, Gift of the Mary and Jackson Burke Foundation, 2015",https://images.metmuseum.org/CRDImages/as/original/DP-12232-273.jpg,White Plum Blossoms and Moon,Edo period (1615–1868)
c847f08d-ccac-48b4-9990-aa4bf6e12893,Sesson Shūkei,"Medium: Hanging scroll; ink on paper. Dimensions: Image: 27 1/4 × 13 3/8 in. (69.2 × 34 cm)
Overall with mounting: 60 1/2 × 18 3/8 in. (153.7 × 46.7 cm). Credit: Mary and Cheney Cowles Collection, Gift of Mary and Cheney Cowles, 2022",https://images.metmuseum.org/CRDImages/as/original/DP-24856-002.jpg,Daoist Master Fei Zhangfang,Muromachi period (1392–1573)
20d49ac9-d427-4693-9cd4-8d9684bb8e97,Unidentified artist,"Medium: Hanging scroll; ink and color on silk. Dimensions: Image: 51 x 26 3/4 in. (129.5 x 67.9 cm)
Overall with mounting: 82 1/2 x 33 1/4 in. (209.6 x 84.5 cm)
Overall with knobs: 82 1/2 x 36 in. (209.6 x 91.4 cm). Credit: Purchase, Acquisitions Fund, and The Vincent Astor Foundation and Hahn Kwang Ho Gifts, 2008",https://images.metmuseum.org/CRDImages/as/original/DP161547.jpg,Gathering of government officials,Joseon dynasty (1392–1910)
c9e0e07a-1956-44e9-9123-f90a4d62e757,Sesson Shūkei,"Medium: Hanging scroll; ink and color on paper. Dimensions: Image: 40 5/16 × 20 3/8 in. (102.4 × 51.7 cm)
Overall with mounting: 79 3/4 × 26 7/16 in. (202.5 × 67.2 cm)
Overall with knobs: 79 3/4 × 28 9/16 in. (202.5 × 72.6 cm). Credit: Mary Griggs Burke Collection, Gift of the Mary and Jackson Burke Foundation, 2015",https://images.metmuseum.org/CRDImages/as/original/DP361155.jpg,Seven Sages of the Bamboo Grove,Muromachi period (1392–1573)
af92fe7f-84e2-466c-b930-cef54f6e7ff2,Kano Mitsunobu 狩野光信,"Medium: Pair of six-panel folding screens; ink, color, gold paint, and gold leaf on paper. Dimensions: Image (each): 59 15/16 in. × 11 ft. 7 7/16 in. (152.2 × 354.2 cm). Credit: Mary Griggs Burke Collection, Gift of the Mary and Jackson Burke Foundation, 2015",https://images.metmuseum.org/CRDImages/as/original/DP704900.jpg,Flowers and Grasses of the Four Seasons,Momoyama period (1573–1615)
798f6898-c09e-4c3c-be6e-105e549fb1ab,Unidentified artist,"Medium: Hanging scroll; ink on silk. Dimensions: Image: 49 3/4 × 19 1/4 in. (126.4 × 48.9 cm)
Overall with mounting: 91 3/4 × 24 1/2 in. (233 × 62.2 cm)
Overall with knobs: 91 3/4 × 27 1/4 in. (233 × 69.2 cm). Credit: Purchase, Harris Brisbane Dick Fund, John M. Crawford Jr. Bequest, and The Vincent Astor Foundation Gift, 1992",https://images.metmuseum.org/CRDImages/as/original/DT6930.jpg,Wild geese descending to sandbar,Joseon dynasty (1392–1910)
9de125c3-6418-461e-b17c-6eeef5698e0c,Shikibu Terutada,"Medium: Pair of hanging scrolls; ink and color on paper. Dimensions: Image (a): 37 11/16 × 17 5/8 in. (95.8 × 44.8 cm)
Overall with mounting (a): 74 7/16 × 23 3/8 in. (189 × 59.3 cm)
Overall with knobs (a): 74 7/16 × 25 3/16 in. (189 × 64 cm)
Image (b): 37 11/16 × 17 5/8 in. (95.8 × 44.8 cm)
Overall with mounting (b): 74 5/8 × 23 3/8 in. (189.5 × 59.3 cm)
Overall with knobs (b): 74 5/8 × 25 3/16 in. (189.5 × 64 cm). Credit: Mary Griggs Burke Collection, Gift of the Mary and Jackson Burke Foundation, 2015",https://images.metmuseum.org/CRDImages/as/original/DP361146.jpg,Birds and Flowers of Summer and Autumn,Muromachi period (1392–1573)
00ada06a-ec95-4705-845d-2801f61d530c,Soga Shōhaku,"Medium: Hanging scroll; ink on silk. Dimensions: Image: 44 7/8 × 20 in. (114 × 50.8 cm)
Overall with mounting: 79 1/8 × 25 3/16 in. (201 × 64 cm)
Overall with knobs: 79 1/8 × 27 1/2 in. (201 × 69.8 cm). Credit: Mary Griggs Burke Collection, Gift of the Mary and Jackson Burke Foundation, 2015",https://images.metmuseum.org/CRDImages/as/original/DP-12232-279.jpg,Lions at the Stone Bridge of Mount Tiantai,Edo period (1615–1868)
717e2c79-22cd-4efc-af37-a74162f4d531,Maarten van Heemskerck,"Medium: Oil on wood. Dimensions: 20 1/2 x 13 3/4 in. (52.1 x 34.9 cm). Credit: Purchase, 1871",https://images.metmuseum.org/CRDImages/ep/original/DP-38857-001.jpg,"Jacob Willemsz van Veen (1456–1535), the Artist's Father",Paintings
ce4674ec-8e40-4060-b666-288d27bf3a2a,Uto Gyoshi,"Medium: Hanging scroll; ink and color on paper. Dimensions: Image: 29 15/16 × 18 5/16 in. (76 × 46.5 cm)
Overall with mounting: 66 1/8 × 24 1/8 in. (168 × 61.3 cm)
Overall with knobs: 66 1/8 × 25 7/8 in. (168 × 65.8 cm). Credit: Mary Griggs Burke Collection, Gift of the Mary and Jackson Burke Foundation, 2015",https://images.metmuseum.org/CRDImages/as/original/DP361166.jpg,Musk Cat,Muromachi period (1392–1573)
a10566a1-36d4-484f-8384-1b991a84793b,Sakai Ōho,"Medium: Six handscrolls; ink, color, and gold on silk. Dimensions: Overall (a): 3 9/16 x 46 7/16 in. (9 x 118 cm)
Overall (b): 3 9/16 x 46 15/16 in. (9 x 119.2 cm)
Overall (c): 3 1/2 x 46 7/16 in. (8.9 x 118 cm)
Overall (d): 3 9/16 x 48 13/16 in. (9 x 124 cm)
Overall (e): 3 5/8 x 46 1/2 in. (9.2 x 118.1 cm)
Overall (f): 3 1/2 x 46 7/8 in. (8.9 x 119.1 cm). Credit: Mary Griggs Burke Collection, Gift of the Mary and Jackson Burke Foundation, 2015",https://images.metmuseum.org/CRDImages/as/original/DT372445.jpg,Six Jewel Rivers,Edo period (1615–1868)
c7a480d8-5538-4100-a21f-835247b3c5d6,Qian Xuan,"Medium: Handscroll; ink, color, and gold on paper. Dimensions: Image: 9 1/8 x 36 1/2 in. (23.2 x 92.7 cm)
Overall with mounting: 11 x 418 13/16 in. (27.9 x 1063.8 cm). Credit: Ex coll.: C. C. Wang Family, Gift of The Dillon Fund, 1973",https://images.metmuseum.org/CRDImages/as/original/DP273822.jpg,Wang Xizhi watching geese,Yuan dynasty (1271–1368)
3414d30c-a51b-419b-9791-17f86dd27c52,Yosa Buson,"Medium: Pair of six-panel folding screens; ink and color on silk. Dimensions: Image (each): 62 1/2 in. × 11 ft. 9 3/4 in. (158.8 × 360 cm)
Overall (each): 63 7/8 in. × 11 ft. 11 1/16 in. (162.2 × 363.4 cm). Credit: Mary Griggs Burke Collection, Gift of the Mary and Jackson Burke Foundation, 2015",https://images.metmuseum.org/CRDImages/as/original/DP704972.jpg,Travels through Mountains and Fields,Edo period (1615–1868)
aa7176e2-b0fd-4163-b1ea-0faca2906c5b,Xiang Shengmo,"Medium: Folding fan mounted as an album leaf; ink on gold paper. Dimensions: 6 1/2 x 20 in. (16.5 x 50.8 cm). Credit: John Stewart Kennedy Fund, 1913",https://images.metmuseum.org/CRDImages/as/original/DP153877.jpg,Branch of blossoming plum,Ming dynasty (1368–1644)
bd355df8-8454-440b-a967-0680de08b193,Quinten Massys,"Medium: Oil on wood. Dimensions: 40 1/2 x 31 1/2 in. (102.9 x 80 cm). Credit: John Stewart Kennedy Fund, 1911",https://images.metmuseum.org/CRDImages/ep/original/DP-26501-001.jpg,The Adoration of the Magi,Paintings
de668ba7-2da3-42e1-b541-d3a46d0a810d,Salvator Rosa,"Medium: Oil on canvas. Dimensions: 77 1/2 x 47 1/2 in. (196.9 x 120.7 cm). Credit: Rogers Fund, 1965",https://images.metmuseum.org/CRDImages/ep/original/DP160249.jpg,The Dream of Aeneas,Paintings
6a06aef3-f91b-4cdc-bb8c-23e044024ee9,Ike no Taiga,"Medium: Pair of six-panel folding screens; ink and color on paper. Dimensions: Image (each): 63 1/4 in. × 11 ft. 8 3/16 in. (160.7 × 356 cm)
Overall with mounting:  69 9/16 in. × 12 ft. 2 7/16 in. (176.7 × 372 cm). Credit: Mary Griggs Burke Collection, Gift of the Mary and Jackson Burke Foundation, 2015",https://images.metmuseum.org/CRDImages/as/original/DP362631.jpg,Orchid Pavilion Gathering; Autumn Harvest Festival,Edo period (1615–1868)
203f61cd-1fb2-417a-8118-c891a8537683,Sakai Hōitsu,"Medium: Pair of six-panel folding screens; ink, color, and gold leaf on paper. Dimensions: Image: 38 x 82 3/16 in. (96.5 x 208.8 cm)
Overall with mounting: 39 9/16 × 83 3/4 in. (100.5 × 212.8 cm). Credit: Mary Griggs Burke Collection, Gift of the Mary and Jackson Burke Foundation, 2015",https://images.metmuseum.org/CRDImages/as/original/DP704936.jpg,Blossoming Cherry Trees,Edo period (1615–1868)
59ad117c-2bf0-4518-b750-af2f930af81f,Riza-yi 'Abbasi,"Medium: Ink, opaque watercolor, gold, and silver on paper. Dimensions: Overall:
             H. 4 1/4 in. (10.8 cm)
             W. 7 1/4 in. (18.4 cm)
Painting:
             H.3 7/8 in. (9.8 cm)
             W. 6 7/8 in. (17.5 cm). Credit: Louis E. and Theresa S. Seley Purchase Fund for Islamic Art and Rogers Fund, 1985",https://images.metmuseum.org/CRDImages/is/original/DP231354.jpg,Study of a Bird,Codices
042ee6ee-b556-4212-bf7d-3c2837555db1,Jin Lan,"Medium: Folding fan mounted as an album leaf; ink and color on alum paper. Dimensions: 7 x 21 in. (17.8 x 53.3 cm). Credit: Gift of Robert Hatfield Ellsworth, in memory of La Ferne Hatfield Ellsworth, 1986",https://images.metmuseum.org/CRDImages/as/original/DP161448.jpg,Plum,Qing dynasty (1644–1911)
89df7b4e-9370-4f31-83f0-fe6ebb1c9037,Unidentified artist,"Medium: Hanging scroll; ink on silk. Dimensions: Image: 34 1/2 in. × 19 in. (87.6 × 48.3 cm)
Overall with mounting: 77 × 24 1/2 in. (195.6 × 62.2 cm)
Overall with knobs: 77 × 27 in. (195.6 × 68.6 cm). Credit: Purchase, The Dillon Fund Gift and Friends of Asian Art Gifts, 1994",https://images.metmuseum.org/CRDImages/as/original/DT3769.jpg,Grapevine in the Wind,Joseon dynasty (1392–1910)
0de0be6b-2dae-4e37-ba41-0717a358dc5a,Kaihō Yūsetsu,"Medium: Hanging scroll; ink on silk. Dimensions: Image: 12 3/4 × 19 5/8 in. (32.4 × 49.8 cm)
Overall with mounting: 47 3/16 × 24 7/16 in. (119.8 × 62 cm)
Overall with knobs: 47 3/16 × 26 1/4 in. (119.8 × 66.7 cm). Credit: Mary Griggs Burke Collection, Gift of the Mary and Jackson Burke Foundation, 2015",https://images.metmuseum.org/CRDImages/as/original/DP-12232-283.jpg,Zhou Maoshu Admiring Lotuses,Edo period (1615–1868)
2dc4eb1f-8d4b-46cf-b5ea-98533120881d,Dapeng Zhengkun (Taihō Shōkon),"Medium: Pair of hanging scrolls; ink on silk. Dimensions: Image (each): 47 1/2 in. × 20 in. (120.7 × 50.8 cm)
Overall with mounting (each): 73 3/8 × 25 3/8 in. (186.4 × 64.5 cm)
Overall with knobs (each): 73 3/8 × 27 5/8 in. (186.4 × 70.2 cm). Credit: The Harry G. C. Packard Collection of Asian Art, Gift of Harry G. C. Packard, and Purchase, Fletcher, Rogers, Harris Brisbane Dick, and Louis V. Bell Funds, Joseph Pulitzer Bequest, and The Annenberg Fund Inc. Gift, 1975",https://images.metmuseum.org/CRDImages/as/original/DP276881.jpg,Bamboo in Snow,Edo period (1615–1868)
c190aaf2-1451-4d73-bb60-c72188b6abae,Bronzino (Agnolo di Cosimo di Mariano),"Medium: Oil on wood. Dimensions: 37 5/8 x 29 1/2 in. (95.6 x 74.9 cm). Credit: H. O. Havemeyer Collection, Bequest of Mrs. H. O. Havemeyer, 1929",https://images.metmuseum.org/CRDImages/ep/original/DP-14286-011.jpg,Portrait of a Young Man,Paintings
a6eaa3fb-b129-4ea2-bf3f-7707ff6e4122,Unidentified artist,"Medium: Hanging scroll; silver pigment on indigo-dyed paper. Dimensions: Overall with mounting: 41 3/4 × 26 1/2 in. (106 × 67.3 cm)
Overall with knobs: 41 3/4 in. × 28 5/8 in. × 1 in. (106 × 72.7 × 2.5 cm)
Image: 9 7/8 × 21 1/4 in. (25.1 × 54 cm). Credit: Purchase, Mrs. Jackson Burke Gift, 1978",https://images.metmuseum.org/CRDImages/as/original/DP-12943-002.jpg,Nigatsudō Burned Sutra,Nara period (710–794)
e7fda855-c2e5-43e4-9519-d9cfeabe9586,Song Maojin,"Medium: Folding fan mounted as an album leaf; ink and color on gold paper. Dimensions: 6 1/4 x 18 1/4 in. (15.9 x 46.4 cm). Credit: John Stewart Kennedy Fund, 1913",https://images.metmuseum.org/CRDImages/as/original/DP153841.jpg,Dwelling in landscape,Ming dynasty (1368–1644)
f6544021-e4b4-4ba2-a948-f4a62d57e854,Peter Paul Rubens,"Medium: Oil on wood. Dimensions: 80 1/4 x 62 1/4 in. (203.8 x 158.1 cm). Credit: Gift of Mr. and Mrs. Charles Wrightsman, in honor of Sir John Pope-Hennessy, 1981",https://images.metmuseum.org/CRDImages/ep/original/DP-14286-003.jpg,"Rubens, Helena Fourment (1614–1673), and Their Son Frans (1633–1678)",Paintings
ee3045a6-4d1c-46e9-8b45-ed32efce9fc9,Studio of Kano Sadanobu,"Medium: Pair of six-panel folding screens; ink, color, gold, mica, and gold leaf on paper. Dimensions: Image (each screen): 33 1/16 in. × 8 ft. 11 1/2 in. (84 × 273 cm). Credit: Purchase, 2013 Benefit Fund and Mary and James G. Wallach Foundation Gift, 2014",https://images.metmuseum.org/CRDImages/as/original/DP344319.jpg,Amusements at Higashiyama in Kyoto,Edo period (1615–1868)
6c8e7486-d9b4-4eae-b5e8-18de7efee2dc,Hanabusa Itchō,"Medium: Pair of six-panel screens; ink, color, and gold leaf on paper. Dimensions: Image: 65 1/8 in. × 14 ft. 2 5/8 in. (165.4 × 433.4 cm)
Overall: 72 3/16 in. × 14 ft. 7 3/8 in. (183.3 × 445.4 cm). Credit: The Harry G. C. Packard Collection of Asian Art, Gift of Harry G. C. Packard, and Purchase, Fletcher, Rogers, Harris Brisbane Dick, and Louis V. Bell Funds, Joseph Pulitzer Bequest, and The Annenberg Fund Inc. Gift, 1975",https://images.metmuseum.org/CRDImages/as/original/DP141396.jpg,Bugaku Dances (front); Chinese Lions (reverse),Edo period (1615–1868)
9d655a88-d1bc-4cff-b2a2-eaa14df518b4,Orazio Borgianni,"Medium: Oil on canvas. Dimensions: 20 7/8 x 15 3/8 in. (53 x 39 cm). Credit: Purchase, Gwynne Andrews Fund and Marco Voena and Luigi Koelliker Gift, 2010",https://images.metmuseum.org/CRDImages/ep/original/DP236807.jpg,Head of an Old Woman,Paintings
5270b998-3d9a-4413-9d42-2747f75b5a79,Russian Painter,"Medium: (a) tempera and gold on wood; (b) gold and enamel studded with jewels. Dimensions: (a) overall 4 3/8 x 4 in. (11.1 x 10.2 cm), painted surface 3 1/2 x 3 1/4 in. (8.9 x 8.3 cm); (b) 4 1/2 x 4 1/4 in. (11.4 x 10.8 cm). Credit: Gift of George D. Pratt, 1933",https://images.metmuseum.org/CRDImages/ep/original/sf33-84s1.jpg,The Christ Child with Saints Boris and Gleb,Paintings
969c67f7-d675-49c1-8173-e73831250959,Quinten Massys,"Medium: Oil on wood. Dimensions: 19 x 17 in. (48.3 x 43.2 cm). Credit: The Friedsam Collection, Bequest of Michael Friedsam, 1931",https://images.metmuseum.org/CRDImages/ep/original/DT1461.jpg,Portrait of a Woman,Paintings
7974a618-4761-40a1-8ef9-15f9174d5fa4,Annibale Carracci,"Medium: Oil on canvas. Dimensions: 26 x 35 in. (66 x 88.9 cm). Credit: Purchase, Gwynne Andrews Fund, and Bequests of Collis P. Huntington and Ogden Mills, by exchange, 1994",https://images.metmuseum.org/CRDImages/ep/original/DP243404.jpg,Two Children Teasing a Cat,Paintings
4c93e369-7ec3-4fa6-a7fa-9252e2dfc22d,Nicolas Poussin,"Medium: Oil on canvas. Dimensions: 60 7/8 x 82 5/8 in. (154.6 x 209.9 cm). Credit: Harris Brisbane Dick Fund, 1946",https://images.metmuseum.org/CRDImages/ep/original/DP-29324-001.jpg,The Abduction of the Sabine Women,Paintings
cc90d854-4387-4e01-a913-cf2f075b75c6,Titian (Tiziano Vecellio),"Medium: Silk on linen. Dimensions: .1: Diam. 60 inches (152.4 cm). Credit: Gift of Mrs. Anna Nanette Block and Edgar S. Block, in memory of Justus Block, 1949",https://images.metmuseum.org/CRDImages/es/original/144922.jpg,Tablecloth and napkin,Textiles-Embroidered
99d1c27e-5686-4ff7-bc5c-ca6a7eceef78,Pieter Bruegel the Elder,"Medium: Oil on wood. Dimensions: Overall, including added strips at top, bottom, and right, 46 7/8 x 63 3/4 in. (119 x 162 cm); original painted surface 45 7/8 x 62 7/8 in. (116.5 x 159.5 cm). Credit: Rogers Fund, 1919",https://images.metmuseum.org/CRDImages/ep/original/DP119115.jpg,The Harvesters,Paintings
0efee23c-87de-45a5-ae12-793bdaf79e57,Fra Carnevale (Bartolomeo di Giovanni Corradini),"Medium: Tempera and oil on wood. Dimensions: 57 x 37 7/8 in. (144.8 x 96.2 cm). Credit: Rogers and Gwynne Andrews Funds, 1935",https://images.metmuseum.org/CRDImages/ep/original/DP109484.jpg,The Birth of the Virgin,Paintings
0123d7ef-6d81-4f5f-96e1-4a1d4c86bee4,Titian (Tiziano Vecellio),"Medium: Oil on canvas. Dimensions: 42 x 52 1/2 in. (106.7 x 133.4 cm). Credit: The Jules Bache Collection, 1949",https://images.metmuseum.org/CRDImages/ep/original/DP-19299-001.jpg,Venus and Adonis,Paintings
46bbaacf-398d-454e-9836-444fc639826f,Domenico Ghirlandaio (Domenico Bigordi),"Medium: Fresco. Dimensions: 112 x 59 in. (284.5 x 149.9 cm). Credit: Gift of Cornelius Vanderbilt, 1880",https://images.metmuseum.org/CRDImages/ep/original/EP371.jpg,Saint Christopher and the Infant Christ,Paintings
70c91287-ed15-45a6-a2e8-9780e3077bc5,Edgar Degas,"Medium: Oil on wood. Dimensions: 7 3/4 x 10 5/8 in. (19.7 x 27 cm). Credit: H. O. Havemeyer Collection, Bequest of Mrs. H. O. Havemeyer, 1929",https://images.metmuseum.org/CRDImages/ep/original/DP-25445-001.jpg,The Dancing Class,Paintings
2635ecde-d55d-469d-9d02-560a80e843be,Chitarman,"Medium: Ink, opaque watercolor, and gold on paper. Dimensions: H. 15 5/16 in. (38.9 cm)
W. 10 1/8 in. (25.7 cm). Credit: Purchase, Rogers Fund and The Kevorkian Foundation Gift, 1955",https://images.metmuseum.org/CRDImages/is/original/DP246547.jpg,"""Shah Jahan on a Terrace, Holding a Pendant Set With His Portrait"", Folio from the Shah Jahan Album",Codices
